Source_Name,CustomerSpec_Shop_Order,UID_Territory_Segment_HP,UID_Segment_HP,UID_Territory_Segment,UID_Customer_Category_ Line_Discount ,UID_territory_Certi,Proposal_HP_Groupings,Proposal_Segment_Groupings,Proposal_Group,Dropdown_Segment_Filter,Dropdown_Customer_Category_Filter,Pivot_Filter,Region,Territory,Cert_ps,Application_ID,Engine_Model,UID_Segment,HP,CUSTOMER_SPEC,SHOP_ORDER_NO,Prod_ID,UID_Prod_ID,RER_Flag_Mar,2023_Qty_(CS+SO),2024_Qty_(CS+SO),2023_2024_Full_Year_(Qty),2023 Sales (CS + SO),2024 Sales (CS + SO),Sales,2024 H2 Prod ID Price,2025 H1 Prod ID Price,TO,ACO,AFT Price (DSA/OneBMS Spec),AFT Price,SCO,SAFT,PI + TO,PI + ACO,Ship-to Customer Name (DESA),Customer_Name,Consolidated Customers,Key Customer Type,Strategic/Others,AEX (24>23),EBU Discount % (2024>2023),EBU Margin % (CS + SO) (2024>2023),DBU Out Margin % (CS) (2024>2023),$ EBU Discount,$ EBU Margin,$ AFT Margin (at 50% Margin),$ EBU Cost,$ AFT Cost,$ DBU Margin,$ DBU Cost,Current ESP (PI + TO + AFT),Current ESP (PI + ACO + AFT),Post-Discount Current ESP (PI + TO + AFT),Post-Discount Current ESP (PI + ACO + AFT),Post-Discount with DBU Margin Current ESP (PI + TO + AFT),Post-Discount with DBU Margin Current ESP (PI + ACO + AFT),Check,Filter,Filter_0,Aman Filter,Comments,Filter Check,100_500 Status,Post-Discount Current PI + ACO,Current Total $ Margin,Selection NA Proposed Baseline Curve,NA Proposed Baseline Curve,Discount % for DN Baseline (Others),North America DN Baseline,Discount % for Special Line,Special Baseline,Discount % for Strategic Line,Strategic Baseline,Line Selection by Customer Type,Customer Category Line Discount %,Proposed Baseline Curve (All Changes),Proposed Baseline Curve,Standard Margin % for DN Line (Others),Standard Margin % for Special Line,Standard Margin % for Strategic Line,Proposed DBUIn (at xx% DBU Margin),Proposed Prod ID,Proposed Prod ID + ACO,"Proposed Prod ID (Using Line curve Â± xx%)(CONS, MILI, GDRV, Marine)",Proposed Prod ID (As per CONS-Certi-HP) Final,"Proposed Prod ID (As per CONS-Certi-HP)(For MILI, GDRV, MARI,MXDR)",Proposed Prod ID (As per CONS-Certi-HP)(For HP Available in CONS),Proposed Prod ID (As per CONS-Certi-HP)(For HP Not Available in CONS),S1 Prod ID,S1 Prod ID + ACO,New EBU Discount,EBU % (Price Change),AFT % (Price Change),DBU % (Price Change),Default Prices,Default Prices (by Customer Type),S1 Price Change Flag,S1 Final Prices,S1 $ Price Change,S1 $ EBU Price Change,S1 $ AFT Price Change,S1 $ DBU Price Change,S1 Total Price Change,S1 Total EBU Price Change,S1 Total AFT Price Change,S1 Total DBU Price Change,S1 Total DBU ES Sales,S1 Total DBU Margin,S1 Total EBU Margin,S1 Total AFT Margin,S2 Price Increase %,S2 Final Prices,S2 Change Flag,S2 $ Price Change,S2 $ EBU Price Change,S2 $ AFT Price Change,S2 $ DBU Price Change,S2 Total Price Change,S2 Total EBU Price Change,S2 Total AFT Price Change,S2 Total DBU Price Change,S2 Total DBU ES Sales,S2 Total DBU Margin,S2 Total EBU Margin,S2 Total AFT Margin,S2A Price Increase %,S2A Default Prices,S2A Default Prices (by Customer Type),S2A Change Flag,S2A Final Prices,S2A $ Price Change,S2A $ EBU Price Change,S2A $ AFT Price Change,S2A $ DBU Price Change,S2A Total Price Change,S2A Total EBU Price Change,S2A Total AFT Price Change,S2A Total DBU Price Change,S2A Total DBU ES Sales,S2A Total DBU Margin,S2A Total EBU Margin,S2A Total AFT Margin,Default Prices for KALMAR,Discounted Prices for KALMAR,Discounts for KALMAR,EBU $ Discount Share (KALMAR),AFT $ Discount Share (KALMAR),DBU $ Discount Share (KALMAR),Total Default Prices for KALMAR,Total Discounted Prices for KALMAR,Total Discounts (KALMAR),Total EBU Discounts (KALMAR),Total AFT Discount (KALMAR),Total DBU Discount (KALMAR),Total EBU Margin (KALMAR),Total AFT Margin (KALMAR),Total DBU Margin (KALMAR),S0 Total EBU Impact,S0 Total CES Impact,S0 Total DBU Impact,S1 Total EBU Impact,S1 Total CES Impact,S1 Total DBU Impact,S2 Total EBU Impact,S2 Total CES Impact,S2 Total DBU Impact,Total $ diff DBU Margin (Baseline vs Current),Total $ diff EBU Out (Baseline vs Current),New Total DBU Margin,New Total EBU DN,New Total EBU Discount,New Total EBU Net,Current Total DBU Margin,Current Total DBU ES Sales,Current Total EBU Cost,Current Total EBU DN,Current Total EBU Discount,Current Total EBU Net,Current Total AFT Cost,Current Total AFT DN,Current Total AFT Discount,Current Total AFT Net,Shop Order Flag,Engine_Model,Sub-Segment
North America Data.xlsx,74033817_SOB6379,100-CONS-6.7-Tier 4 Final-155,CONS-6.7-Tier 4 Final-155,100-CONS-6.7-Tier 4 Final,100-CONS-6.7-Tier 4 Final-Default,100-Tier 4 Final,Line 1,Include-100-CONS-6.7,Include-100-CONS-6.7-Line 1,100-CONS-6.7-T4F & SV,Default,100-CONS-6.7-T4F & SV,North America,100,Tier 4 Final,CONS,6.7,CONS-6.7-Tier 4 Final,155,74033817,SOB6379,CONS00920,CONS00920-100-000,Include,1,,1,13025,0,13025,10364.66,10524.24,3363,2761,,5448,3888,5112,13887.24,13285.24,"CUMMINS, INC.",GREGORY POOLE EQUIPMENT - GARNER,GREGORY POOLE EQUIPMENT - GARNER,,Others,,0,0.3142479846449136,0.32161458333333331,0,4174.8598955239922,2179.2000000000003,9110.3801044760075,3268.7999999999997,8881.2097504798439,18733.239999999998,19175.66,18667.66,19175.66,18667.66,28266.615892514394,27614.449750479842,0,Include,Include,,,TRUE,0,13285.24,15235.269646003837,Include-100-CONS-6.7,26760.20437402081,0,26760.20437,0.15,22746.173717917689,0.2,21408.163499216651,Others,0,26760.20437,26760.20437402081,0,0,0,19615.229806157255,10615.229806157255,13376.229806157255,10615.22981,10615.22981,,10615.22981,,,,0,0.37,0.15,0.48,25681.07749816815,25681.07749816815,FALSE,27614.449750479842,0,0,0,0,0,0,0,0,0,0,,,0.02,28166.738745489438,,552.288995,204.34692815355049,82.843349251439392,265.09871760460607,0,0,0,0,0,0,,,0.02,26194.699048131512,26194.699048131512,FALSE,27614.449750479842,0,0,0,0,0,0,0,0,0,0,,,25681.0775,27614.44975,1933.372252,715.3477334,290.0058378,928.0186811,0,0,0,0,0,0,0,0,0,0,0,0, -   , -   , -   ,0,0,0,0,0,0,0,0,0,0,0,0,0,0,0,0,0,0,0,TRUE,B6.7,Others
North America Data.xlsx,620556_SOB8953,100-CONS-6.7-Tier 4 Final-158,CONS-6.7-Tier 4 Final-158,100-CONS-6.7-Tier 4 Final,100-CONS-6.7-Tier 4 Final-Large,100-Tier 4 Final,Line 1,Include-100-CONS-6.7,Include-100-CONS-6.7-Line 1,100-CONS-6.7-T4F & SV,Large,100-CONS-6.7-T4F & SV,North America,100,Tier 4 Final,CONS,6.7,CONS-6.7-Tier 4 Final,158,620556,SOB8953,CONS00919,CONS00919-100-000,Include,3,,3,39741,0,39741,10364.66,10524.24,3334,2761,,5448,3888,5112,13858.24,13285.24,"CUMMINS ATLANTIC, LLC",TICO MANUFACTURING,TICO,TICO,Strategic,STACY KERSEY,0,0.32638562190181425,0.32127413127413129,0,4336.1113195148582,2179.2000000000003,8949.12868,3268.7999999999997,8867.358213777803,18733.239999999998,19146.66,18667.66,19146.66,18667.66,28209.710108652369,27600.59821,0,Include,Include,,,TRUE,0,13285.24,15382.669533292661,Include-100-CONS-6.7,26854.758807702769,0,26854.75881,0.15,22826.544986547353,0.2,21483.807046162216,Strategic,0.2,21483.80705,21483.807046162216,0,0,0,19684.538206046131,10684.538206046131,13445.538206046131,10684.53821,10684.53821,,10684.53821,,,,0,0.37,0.15,0.48,25775.631931850112,20620.505545480089,FALSE,27600.59821,0,0,0,0,0,0,0,0,0,0,,,0.02,28152.610178053357,,552.01196427555624,204.24442678195581,82.80179464133343,264.9657429,0,0,0,0,0,0,,,0.02,26291.144570487115,21032.915656389694,FALSE,27600.59821,0,0,0,0,0,0,0,0,0,0,,,25775.63193,27600.59821,1824.966282,675.2375243,273.7449423,875.9838153,0,0,0,0,0,0,0,0,0,0,0,0, -   , -   , -   ,0,0,0,0,0,0,0,0,0,0,0,0,0,0,0,0,0,0,0,TRUE,B6.7,TERMINAL TRACTORS
North America Data.xlsx,620859_SOB7967,100-CONS-6.7-Tier 4 Final-158,CONS-6.7-Tier 4 Final-158,100-CONS-6.7-Tier 4 Final,100-CONS-6.7-Tier 4 Final-Large,100-Tier 4 Final,Line 1,Include-100-CONS-6.7,Include-100-CONS-6.7-Line 1,100-CONS-6.7-T4F & SV,Large,100-CONS-6.7-T4F & SV,North America,100,Tier 4 Final,CONS,6.7,CONS-6.7-Tier 4 Final,158,620859,SOB7967,CONS00919,CONS00919-100-000,Include,2,,2,26442,0,26442,10364.66,10524.24,3308,2761,,5448,3888,5112,13832.24,13285.24,"CUMMINS ATLANTIC, LLC",TICO MANUFACTURING,TICO,TICO,Strategic,STACY KERSEY,0,0.31191241207170411,0.3210056350238405,0,4143.8312533514863,2179.2000000000003,9141.4087466485144,3268.7999999999997,8856.4440479048026,18733.239999999998,19120.66,18667.66,19120.66,18667.66,28160.263157222747,27589.68405,0,Include,Include,,,TRUE,0,13285.24,15179.475301256289,Include-100-CONS-6.7,26854.758807702769,0,26854.75881,0.15,22826.544986547353,0.2,21483.807046162216,Strategic,0.2,21483.80705,21483.807046162216,0,0,0,19684.538206046131,10684.538206046131,13445.538206046131,10684.53821,10684.53821,,10684.53821,,,,0,0.37,0.15,0.48,25775.631931850112,20620.505545480089,FALSE,27589.68405,0,0,0,0,0,0,0,0,0,0,,,0.02,28141.477728862897,,551.793681,204.16366195449586,82.769052143714546,264.8609668598865,0,0,0,0,0,0,,,0.02,26291.144570487115,21032.915656389694,FALSE,27589.68405,0,0,0,0,0,0,0,0,0,0,,,25775.63193,27589.68405,1814.052116,671.1992829,272.1078174,870.7450157,0,0,0,0,0,0,0,0,0,0,0,0, -   , -   , -   ,0,0,0,0,0,0,0,0,0,0,0,0,0,0,0,0,0,0,0,TRUE,B6.7,TERMINAL TRACTORS
North America Data.xlsx,620860_SOB3327,100-CONS-6.7-Tier 4 Final-158,CONS-6.7-Tier 4 Final-158,100-CONS-6.7-Tier 4 Final,100-CONS-6.7-Tier 4 Final-Large,100-Tier 4 Final,Line 1,Include-100-CONS-6.7,Include-100-CONS-6.7-Line 1,100-CONS-6.7-T4F & SV,Large,100-CONS-6.7-T4F & SV,North America,100,Tier 4 Final,CONS,6.7,CONS-6.7-Tier 4 Final,158,620860,SOB3327,CONS00919,CONS00919-100-000,Include,3,,3,40158,0,40158,10364.66,10524.24,3334,2761,,5448,3888,5112,13858.24,13285.24,"CUMMINS ATLANTIC, LLC",TICO MANUFACTURING,TICO,TICO,Strategic,STACY KERSEY,0.030009233610341645,0.3234662084765178,0.281616458,398.67987072945522,4426.2856776813387,2179.2000000000003,9257.6341930481158,3268.7999999999997,7499.9818240358882,19131.919870729456,19146.66,18667.66,19557.746288088645,19064.371865189289,27224.658060188674,26631.901694765344,0,Include,Include,,,TRUE,0,13683.919870729456,14105.467501717227,Include-100-CONS-6.7,26854.758807702769,0,26854.75881,0.15,22826.544986547353,0.2,21483.807046162216,Strategic,0.2,21483.80705,21483.807046162216,0,0,0,19684.538206046131,10684.538206046131,13445.538206046131,10684.53821,10684.53821,,10684.53821,,,,398.6798707,0.37,0.15,0.48,25775.631931850112,20620.505545480089,FALSE,26631.901694765344,0,0,0,0,0,0,0,0,0,0,,,0.02,27164.539728660649,,532.63803389530585,197.07607254126316,79.895705084295869,255.66625626974681,0,0,0,0,0,0,,,0.02,26291.144570487115,21032.915656389694,FALSE,26631.901694765344,0,0,0,0,0,0,0,0,0,0,,,25775.63193,26631.90169,856.2697629,316.8198123,128.4404644,411.0094862,0,0,0,0,0,0,0,0,0,0,0,0, -   , -   , -   ,0,0,0,0,0,0,0,0,0,0,0,0,0,0,0,0,0,0,0,TRUE,B6.7,TERMINAL TRACTORS
North America Data.xlsx,TICO 620859 T4F_SOB3030,100-CONS-6.7-Tier 4 Final-158,CONS-6.7-Tier 4 Final-158,100-CONS-6.7-Tier 4 Final,100-CONS-6.7-Tier 4 Final-Large,100-Tier 4 Final,Line 1,Include-100-CONS-6.7,Include-100-CONS-6.7-Line 1,100-CONS-6.7-T4F & SV,Large,100-CONS-6.7-T4F & SV,North America,100,Tier 4 Final,CONS,6.7,CONS-6.7-Tier 4 Final,158,TICO 620859 T4F,SOB3030,CONS00919,CONS00919-100-000,Include,16,,16,218457,0,218457,10364.66,10524.24,3869,2860,,5448,3888,5112,14393.24,13384.24,"CUMMINS ATLANTIC, LLC",TICO MANUFACTURING,TICO,TICO,Strategic,STACY KERSEY,0,0.31342658280576957,0.24335110091989157,0,4194.9766066522934,2179.2000000000003,9189.2633933477064,3268.7999999999997,6056.7673360249219,18832.239999999998,19681.66,18766.66,19681.66,18766.66,26011.615194217378,24889.007336024919,0,Include,Include,,,TRUE,0,13384.24,12430.943942677215,Include-100-CONS-6.7,26854.758807702769,0,26854.75881,0.15,22826.544986547353,0.2,21483.807046162216,Strategic,0.2,21483.80705,21483.807046162216,0,0,0,19684.538206046131,10684.538206046131,13544.538206046131,10684.53821,10684.53821,,10684.53821,,,,0,0.37,0.15,0.48,25910.693323391719,20728.554658713376,FALSE,24889.007336024919,0,0,0,0,0,0,0,0,0,0,,,0.02,25386.787482745418,,497.78014672049903,184.17865428658465,74.667022008074852,238.93447042583952,0,0,0,0,0,0,,,0.02,26428.907189859554,21143.125751887645,FALSE,24889.007336024919,0,0,0,0,0,0,0,0,0,0,,,25910.69332,24889.00734,-1021.685987,-378.0238153,-153.2528981,-490.4092739,0,0,0,0,0,0,0,0,0,0,0,0, -   , -   , -   ,0,0,0,0,0,0,0,0,0,0,0,0,0,0,0,0,0,0,0,TRUE,B6.7,TERMINAL TRACTORS
North America Data.xlsx,TICO 621494 T4F_SOB3031,100-CONS-6.7-Tier 4 Final-158,CONS-6.7-Tier 4 Final-158,100-CONS-6.7-Tier 4 Final,100-CONS-6.7-Tier 4 Final-Large,100-Tier 4 Final,Line 1,Include-100-CONS-6.7,Include-100-CONS-6.7-Line 1,100-CONS-6.7-T4F & SV,Large,100-CONS-6.7-T4F & SV,North America,100,Tier 4 Final,CONS,6.7,CONS-6.7-Tier 4 Final,158,TICO 621494 T4F,SOB3031,CONS00919,CONS00919-100-000,Include,127,208,335,1758196,3002480,4760676,10364.66,10524.24,4070,3089,,5448,3888,5112,14594.24,13613.24,"CUMMINS ATLANTIC, LLC",TICO MANUFACTURING,TICO,TICO,Strategic,STACY KERSEY,0,0.33832329607524442,0.2601680068559058,0,4605.676227,2179.2000000000003,9007.563772936639,3268.7999999999997,6703.0418594457778,19061.239999999998,19882.66,18995.66,19882.66,18995.66,26874.560960122646,25764.281859445775,0,Include,Include,,,TRUE,0,13613.24,13487.918086509137,Include-100-CONS-6.7,26854.758807702769,0,26854.75881,0.15,22826.544986547353,0.2,21483.807046162216,Strategic,0.2,21483.80705,21483.807046162216,0,0,0,19684.538206046131,10684.538206046131,13773.538206046131,10684.53821,10684.53821,,10684.53821,,,,0,0.37,0.15,0.48,26223.108057361707,20978.486445889368,FALSE,25764.281859445775,0,0,0,0,0,0,0,0,5358970.6267647212,1360890.68,,,0.02,26279.567496634692,,515.28563718891746,190.65568575989946,77.292845578337619,247.33710585068036,107179.41253529483,39656.382638059084,16076.911880294225,51446.118016941517,5466150.0393000161,1412336.7979240674,,,0.02,26747.570218508943,21398.056174807156,FALSE,25764.281859445775,0,0,0,0,0,0,0,0,5358970.6267647212,1360890.68,,,26223.10806,25764.28186,-458.8261979,-169.7656932,-68.82392969,-220.236575,5454406.476,5358970.627,-95435.84917,-35311.26419,-14315.37737,-45809.2076,2829584.683,1118868.623,1410517.321,33342.026857595425,0,-33342.02686,"33,342", -   ,"-33,342",72998.409495654516,16076.911880294225,18104.091159345626,-33342.02686,33342.026857595425,1360890.68,2864895.947,0,2864895.947,1394232.7067647218,5358970.6267647212,1873573.265,2831553.92,0,2831553.92,679910.4,1133184,0,1133184,TRUE,B6.7,TERMINAL TRACTORS
North America Data.xlsx,TICO 621495 T4F_SOB6290,100-CONS-6.7-Tier 4 Final-158,CONS-6.7-Tier 4 Final-158,100-CONS-6.7-Tier 4 Final,100-CONS-6.7-Tier 4 Final-Large,100-Tier 4 Final,Line 1,Include-100-CONS-6.7,Include-100-CONS-6.7-Line 1,100-CONS-6.7-T4F & SV,Large,100-CONS-6.7-T4F & SV,North America,100,Tier 4 Final,CONS,6.7,CONS-6.7-Tier 4 Final,158,TICO 621495 T4F,SOB6290,CONS00919,CONS00919-100-000,Include,50,23,73,691900,329820,1021720,10364.66,10524.24,3975,3089,,5448,3888,5112,14499.24,13613.24,"CUMMINS ATLANTIC, LLC",TICO MANUFACTURING,TICO,TICO,Strategic,STACY KERSEY,0,0.33328398823600752,0.25580275102555311,0,4537.0749200139471,2179.2000000000003,9076.1650799860527,3268.7999999999997,6551.9156872423964,19061.24,19787.66,18995.66,19787.66,18995.66,26589.267868523712,25613.155687242397,0,Include,Include,,,TRUE,0,13613.24,13268.190607256343,Include-100-CONS-6.7,26854.758807702769,0,26854.75881,0.15,22826.544986547353,0.2,21483.807046162216,Strategic,0.2,21483.80705,21483.807046162216,0,0,0,19684.538206046131,10684.538206046131,13773.538206046131,10684.53821,10684.53821,,10684.53821,,,,0,0.37,0.15,0.48,26223.108057361707,20978.486445889368,FALSE,25613.155687242397,0,0,0,0,0,0,0,0,589102.58080657513,147007.2021,,,0.02,26125.418800987245,,512.26311374484794,189.53735208559374,76.839467061727191,245.8862946,11782.051616131503,4359.359097968656,1767.3077424197254,5655.3847757431213,600884.63242270658,152662.58684325719,,,0.02,26747.570218508943,21398.056174807156,FALSE,25613.155687242397,0,0,0,0,0,0,0,0,589102.58080657513,147007.2021,,,26223.10806,25613.15569,-609.9523701,-225.6823769,-91.49285552,-292.7771377,603131.4853,589102.5808,-14028.90451,-5190.69467,-2104.335677,-6733.874166,311600.6841,123199.6643,154302.2324,3686.858739,0,-3686.858739,"3,687", -   ,"-3,687",8046.217837029646,1767.3077424197254,1968.5260366821312,-3686.858739,3686.858739,147007.2021,316791.3787,0,316791.3787,150694.06080657511,589102.58080657513,208751.7968,313104.52,0,313104.52,75182.4,125304,0,125304,TRUE,B6.7,TERMINAL TRACTORS
North America Data.xlsx,73854823_SOB8663,100-CONS-6.7-Tier 4 Final-164,CONS-6.7-Tier 4 Final-164,100-CONS-6.7-Tier 4 Final,100-CONS-6.7-Tier 4 Final-Default,100-Tier 4 Final,Line 1,Include-100-CONS-6.7,Include-100-CONS-6.7-Line 1,100-CONS-6.7-T4F & SV,Default,100-CONS-6.7-T4F & SV,North America,100,Tier 4 Final,CONS,6.7,CONS-6.7-Tier 4 Final,164,73854823,SOB8663,CONS00918,CONS00918-100-000,Include,1,,1,13258,0,13258,10364.66,10524.24,3405,2832,,5448,3888,5112,13929.24,13356.24,CUMMINS INC,OLD DOMINION FREIGHT,OLD DOMINION FREIGHT,,Others,,0,0.32796138180721068,0.41075555555555554,0,4380.3309261487393,2179.2000000000003,8975.909074,3268.7999999999997,13108.220401267157,18804.239999999998,19217.66,18736.66,19217.66,18736.66,32614.070749736009,31912.460401267155,0,Include,Include,,,TRUE,0,13356.24,19667.75133,Include-100-CONS-6.7,27043.867675066689,0,27043.86768,0.15,22987.287523806684,0.2,21635.094140053352,Others,0,27043.86768,27043.867675066689,0,0,0,19823.155005823883,10823.155005823883,13655.155005823883,10823.15501,10823.15501,,10823.15501,,,,0,0.37,0.15,0.48,26061.603009309525,26061.603009309525,FALSE,31912.460401267155,0,0,0,0,0,0,0,0,0,0,,,0.02,32550.70961,,638.24920802534325,236.152207,95.73738120380149,306.35961985216477,0,0,0,0,0,0,,,0.02,26582.835069495715,26582.835069495715,FALSE,31912.460401267155,0,0,0,0,0,0,0,0,0,0,,,26061.60301,31912.4604,5850.857392,2164.817235,877.6286088,2808.411548,0,0,0,0,0,0,0,0,0,0,0,0, -   , -   , -   ,0,0,0,0,0,0,0,0,0,0,0,0,0,0,0,0,0,0,0,TRUE,B6.7,Others
North America Data.xlsx,73974222_SOB6614,100-CONS-6.7-Tier 4 Final-164,CONS-6.7-Tier 4 Final-164,100-CONS-6.7-Tier 4 Final,100-CONS-6.7-Tier 4 Final-Default,100-Tier 4 Final,Line 1,Include-100-CONS-6.7,Include-100-CONS-6.7-Line 1,100-CONS-6.7-T4F & SV,Default,100-CONS-6.7-T4F & SV,North America,100,Tier 4 Final,CONS,6.7,CONS-6.7-Tier 4 Final,164,73974222,SOB6614,CONS00918,CONS00918-100-000,Include,1,,1,12978,0,12978,10364.66,10524.24,3376,2803,,5448,3888,5112,13900.24,13327.24,"CUMMINS, INC.",PETERBILT OF CHARLOTTE,PETERBILT OF CHARLOTTE,,Others,,0,0.32709130836800737,0.33446153846153848,0,4359.2243685344429,2179.2000000000003,8968.0156314655578,3268.7999999999997,9435.3610171058717,18775.239999999998,19188.66,18707.66,19188.66,18707.66,28831.782246879335,28210.60101710587,0,Include,Include,,,TRUE,0,13327.24,15973.785385640314,Include-100-CONS-6.7,27043.867675066689,0,27043.86768,0.15,22987.287523806684,0.2,21635.094140053352,Others,0,27043.86768,27043.867675066689,0,0,0,19823.155005823883,10823.155005823883,13626.155005823883,10823.15501,10823.15501,,10823.15501,,,,0,0.37,0.15,0.48,26022.039571383197,26022.039571383197,FALSE,28210.60101710587,0,0,0,0,0,0,0,0,0,0,,,0.02,28774.813037447988,,564.21202034211819,208.75844752658372,84.631803051317732,270.8217697642167,0,0,0,0,0,0,,,0.02,26542.48036281086,26542.48036281086,FALSE,28210.60101710587,0,0,0,0,0,0,0,0,0,0,,,26022.03957,28210.60102,2188.561446,809.7677349,328.2842169,1050.509494,0,0,0,0,0,0,0,0,0,0,0,0, -   , -   , -   ,0,0,0,0,0,0,0,0,0,0,0,0,0,0,0,0,0,0,0,TRUE,B6.7,Others
North America Data.xlsx,74037998_SOB3391,100-CONS-6.7-Tier 4 Final-164,CONS-6.7-Tier 4 Final-164,100-CONS-6.7-Tier 4 Final,100-CONS-6.7-Tier 4 Final-Default,100-Tier 4 Final,Line 1,Include-100-CONS-6.7,Include-100-CONS-6.7-Line 1,100-CONS-6.7-T4F & SV,Default,100-CONS-6.7-T4F & SV,North America,100,Tier 4 Final,CONS,6.7,CONS-6.7-Tier 4 Final,164,74037998,SOB3391,CONS00918,CONS00918-100-000,Include,1,,1,12974,0,12974,10364.66,10524.24,3372,2807,,5448,3888,5112,13896.24,13331.24,"CUMMINS, INC.",WORLDWIDE EQUIPMENT,WORLDWIDE EQUIPMENT,,Others,,0,0.28971882225990442,0.31273403141361256,0,3862.3111520641282,2179.2000000000003,9468.9288479358711,3268.7999999999997,8545.3197168536371,18779.239999999998,19184.66,18711.66,19184.66,18711.66,27914.462343392668,27324.559716853633,0,Include,Include,,,TRUE,0,13331.24,14586.830868917765,Include-100-CONS-6.7,27043.867675066689,0,27043.86768,0.15,22987.287523806684,0.2,21635.094140053352,Others,0,27043.86768,27043.867675066689,0,0,0,19823.155005823883,10823.155005823883,13630.155005823883,10823.15501,10823.15501,,10823.15501,,,,0,0.37,0.15,0.48,26027.496597304071,26027.496597304071,FALSE,27324.559716853633,0,0,0,0,0,0,0,0,0,0,,,0.02,27871.050911190705,,546.49119433707165,202.2017419047165,81.973679150560741,262.31577328179441,0,0,0,0,0,0,,,0.02,26548.046529250154,26548.046529250154,FALSE,27324.559716853633,0,0,0,0,0,0,0,0,0,0,,,26027.4966,27324.55972,1297.06312,479.9133542,194.5594679,622.5902974,0,0,0,0,0,0,0,0,0,0,0,0, -   , -   , -   ,0,0,0,0,0,0,0,0,0,0,0,0,0,0,0,0,0,0,0,TRUE,B6.7,Others
North America Data.xlsx,74203183_SOB4429,100-CONS-6.7-Tier 4 Final-164,CONS-6.7-Tier 4 Final-164,100-CONS-6.7-Tier 4 Final,100-CONS-6.7-Tier 4 Final-Default,100-Tier 4 Final,Line 1,Include-100-CONS-6.7,Include-100-CONS-6.7-Line 1,100-CONS-6.7-T4F & SV,Default,100-CONS-6.7-T4F & SV,North America,100,Tier 4 Final,CONS,6.7,CONS-6.7-Tier 4 Final,164,74203183,SOB4429,CONS00918,CONS00918-100-000,Include,1,,1,12974,0,12974,10364.66,10524.24,3372,2807,,5448,3888,5112,13896.24,13331.24,"CUMMINS, INC.",SANDERS TRUCK SERVICE INC,SANDERS TRUCK SERVICE INC,,Others,,0,0.37286588561738859,0.45025423728813557,0,4970.7646089779555,2179.2000000000003,8360.4753910220443,3268.7999999999997,15380.623110837056,18779.239999999998,19184.66,18711.66,19184.66,18711.66,34897.331277940488,34159.863110837054,0,Include,Include,,,TRUE,0,13331.24,22530.587719815012,Include-100-CONS-6.7,27043.867675066689,0,27043.86768,0.15,22987.287523806684,0.2,21635.094140053352,Others,0,27043.86768,27043.867675066689,0,0,0,19823.155005823883,10823.155005823883,13630.155005823883,10823.15501,10823.15501,,10823.15501,,,,0,0.37,0.15,0.48,26027.496597304071,26027.496597304071,FALSE,34159.863110837054,0,0,0,0,0,0,0,0,0,0,,,0.02,34843.06037,,683.1972622,252.78298702019563,102.47958933251175,327.93468586403759,0,0,0,0,0,0,,,0.02,26548.046529250154,26548.046529250154,FALSE,34159.863110837054,0,0,0,0,0,0,0,0,0,0,,,26027.4966,34159.86311,8132.366514,3008.97561,1219.854977,3903.535926,0,0,0,0,0,0,0,0,0,0,0,0, -   , -   , -   ,0,0,0,0,0,0,0,0,0,0,0,0,0,0,0,0,0,0,0,TRUE,B6.7,Others
North America Data.xlsx,74258743_SOB3780,100-CONS-6.7-Tier 4 Final-164,CONS-6.7-Tier 4 Final-164,100-CONS-6.7-Tier 4 Final,100-CONS-6.7-Tier 4 Final-Default,100-Tier 4 Final,Line 1,Include-100-CONS-6.7,Include-100-CONS-6.7-Line 1,100-CONS-6.7-T4F & SV,Default,100-CONS-6.7-T4F & SV,North America,100,Tier 4 Final,CONS,6.7,CONS-6.7-Tier 4 Final,164,74258743,SOB3780,CONS00918,CONS00918-100-000,Include,1,,1,13575,0,13575,10364.66,10524.24,3982,3586,,5448,3888,5112,14506.24,14110.24,CUMMINS INC,SANY AMERICA INC,SANY AMERICA INC,,Others,TONY MOORE,0,0.29890136279926333,0.32040050062578224,0,4217.5699654246773,2179.2000000000003,9892.6700345753234,3268.7999999999997,9220.8276979742168,19558.239999999998,19794.66,19693.66,19794.66,19693.66,29126.949060773477,28779.067697974213,0,Include,Include,,,TRUE,0,14110.24,15617.597663398894,Include-100-CONS-6.7,27043.867675066689,0,27043.86768,0.15,22987.287523806684,0.2,21635.094140053352,Others,0,27043.86768,27043.867675066689,0,0,0,19823.155005823883,10823.155005823883,14409.155005823883,10823.15501,10823.15501,,10823.15501,,,,0,0.37,0.15,0.48,27090.252395394109,27090.252395394109,FALSE,28779.067697974213,0,0,0,0,0,0,0,0,0,0,,,0.02,29354.64905,,575.58135395948557,212.96510096500967,86.337203093922838,276.27904990055305,0,0,0,0,0,0,,,0.02,27632.05744330199,27632.05744330199,FALSE,28779.067697974213,0,0,0,0,0,0,0,0,0,0,,,27090.2524,28779.0677,1688.815303,624.861662,253.3222954,810.6313452,0,0,0,0,0,0,0,0,0,0,0,0, -   , -   , -   ,0,0,0,0,0,0,0,0,0,0,0,0,0,0,0,0,0,0,0,TRUE,B6.7,Others
North America Data.xlsx,74357344_SOB8443,100-CONS-6.7-Tier 4 Final-164,CONS-6.7-Tier 4 Final-164,100-CONS-6.7-Tier 4 Final,100-CONS-6.7-Tier 4 Final-Default,100-Tier 4 Final,Line 1,Include-100-CONS-6.7,Include-100-CONS-6.7-Line 1,100-CONS-6.7-T4F & SV,Default,100-CONS-6.7-T4F & SV,North America,100,Tier 4 Final,CONS,6.7,CONS-6.7-Tier 4 Final,164,74357344,SOB8443,CONS00918,CONS00918-100-000,Include,1,,1,13369,0,13369,10364.66,10524.24,3523,2999,,5448,3888,5112,14047.24,13523.24,"CUMMINS, INC.",UNITED RENTALS - 24B,UNITED RENTALS,,Others,,0,0.32408736629516044,0.31532604828462518,0,4382.7112353773655,2179.2000000000003,9140.5287646226352,3268.7999999999997,8737.1896145189348,18971.239999999998,19335.66,18891.66,19335.66,18891.66,28240.682958007448,27708.429614518933,0,Include,Include,,,TRUE,0,13523.24,15299.10085,Include-100-CONS-6.7,27043.867675066689,0,27043.86768,0.15,22987.287523806684,0.2,21635.094140053352,Others,0,27043.86768,27043.867675066689,0,0,0,19823.155005823883,10823.155005823883,13822.155005823883,10823.15501,10823.15501,,10823.15501,,,,0,0.37,0.15,0.48,26289.433841505979,26289.433841505979,FALSE,27708.429614518933,0,0,0,0,0,0,0,0,0,0,,,0.02,28262.598206809311,,554.1685923,205.04237914743985,83.12528884,266.00092429938144,0,0,0,0,0,0,,,0.02,26815.22252,26815.22252,FALSE,27708.429614518933,0,0,0,0,0,0,0,0,0,0,,,26289.43384,27708.42961,1418.995773,525.028436,212.849366,681.117971,0,0,0,0,0,0,0,0,0,0,0,0, -   , -   , -   ,0,0,0,0,0,0,0,0,0,0,0,0,0,0,0,0,0,0,0,TRUE,B6.7,Others
North America Data.xlsx,74376206_SOB4416,100-CONS-6.7-Tier 4 Final-164,CONS-6.7-Tier 4 Final-164,100-CONS-6.7-Tier 4 Final,100-CONS-6.7-Tier 4 Final-Default,100-Tier 4 Final,Line 1,Include-100-CONS-6.7,Include-100-CONS-6.7-Line 1,100-CONS-6.7-T4F & SV,Default,100-CONS-6.7-T4F & SV,North America,100,Tier 4 Final,CONS,6.7,CONS-6.7-Tier 4 Final,164,74376206,SOB4416,CONS00918,CONS00918-100-000,Include,1,,1,13583,0,13583,10364.66,10524.24,3990,3586,,5448,3888,5112,14514.24,14110.24,CUMMINS INC,SANY AMERICA INC,SANY AMERICA INC,,Others,TONY MOORE,0,0.36920356327762643,0.32,0,5209.5508867024955,2179.2000000000003,8900.6891132975034,3268.7999999999997,9203.8776470588236,19558.239999999998,19802.66,19693.66,19802.66,19693.66,29121.558823529413,28762.117647058822,0,Include,Include,,,TRUE,0,14110.24,16592.628533761319,Include-100-CONS-6.7,27043.867675066689,0,27043.86768,0.15,22987.287523806684,0.2,21635.094140053352,Others,0,27043.86768,27043.867675066689,0,0,0,19823.155005823883,10823.155005823883,14409.155005823883,10823.15501,10823.15501,,10823.15501,,,,0,0.37,0.15,0.48,27090.252395394109,27090.252395394109,FALSE,28762.117647058822,0,0,0,0,0,0,0,0,0,0,,,0.02,29337.359999999997,,575.24235294117534,212.83967058823487,86.28635294,276.11632941176413,0,0,0,0,0,0,,,0.02,27632.05744330199,27632.05744330199,FALSE,28762.117647058822,0,0,0,0,0,0,0,0,0,0,,,27090.2524,28762.11765,1671.865252,618.5901431,250.7797877,802.4953208,0,0,0,0,0,0,0,0,0,0,0,0, -   , -   , -   ,0,0,0,0,0,0,0,0,0,0,0,0,0,0,0,0,0,0,0,TRUE,B6.7,Others
North America Data.xlsx,74643710_SOB3206,100-CONS-6.7-Tier 4 Final-164,CONS-6.7-Tier 4 Final-164,100-CONS-6.7-Tier 4 Final,100-CONS-6.7-Tier 4 Final-Default,100-Tier 4 Final,Line 1,Include-100-CONS-6.7,Include-100-CONS-6.7-Line 1,100-CONS-6.7-T4F & SV,Default,100-CONS-6.7-T4F & SV,North America,100,Tier 4 Final,CONS,6.7,CONS-6.7-Tier 4 Final,164,74643710,SOB3206,CONS00918,CONS00918-100-000,Include,1,,1,13118,0,13118,10364.66,10524.24,3523,2999,,5448,3888,5112,14047.24,13523.24,"CUMMINS, INC.",CAROLINA HANDLING,CAROLINA HANDLING,,Others,,0,0.299758347,0.39610273972602739,0,4053.7040726635155,2179.2000000000003,9469.5359273364847,3268.7999999999997,12443.441350588073,18971.239999999998,19335.66,18891.66,19335.66,18891.66,32018.128367113157,31414.681350588071,0,Include,Include,,,TRUE,0,13523.24,18676.345423251587,Include-100-CONS-6.7,27043.867675066689,0,27043.86768,0.15,22987.287523806684,0.2,21635.094140053352,Others,0,27043.86768,27043.867675066689,0,0,0,19823.155005823883,10823.155005823883,13822.155005823883,10823.15501,10823.15501,,10823.15501,,,,0,0.37,0.15,0.48,26289.433841505979,26289.433841505979,FALSE,31414.681350588071,0,0,0,0,0,0,0,0,0,0,,,0.02,32042.974977599832,,628.29362701176069,232.46864199435146,94.24404405,301.58094096564514,0,0,0,0,0,0,,,0.02,26815.22252,26815.22252,FALSE,31414.681350588071,0,0,0,0,0,0,0,0,0,0,,,26289.43384,31414.68135,5125.247509,1896.341578,768.7871264,2460.118804,0,0,0,0,0,0,0,0,0,0,0,0, -   , -   , -   ,0,0,0,0,0,0,0,0,0,0,0,0,0,0,0,0,0,0,0,TRUE,B6.7,Others
North America Data.xlsx,74643715_SOB4811,100-CONS-6.7-Tier 4 Final-164,CONS-6.7-Tier 4 Final-164,100-CONS-6.7-Tier 4 Final,100-CONS-6.7-Tier 4 Final-Default,100-Tier 4 Final,Line 1,Include-100-CONS-6.7,Include-100-CONS-6.7-Line 1,100-CONS-6.7-T4F & SV,Default,100-CONS-6.7-T4F & SV,North America,100,Tier 4 Final,CONS,6.7,CONS-6.7-Tier 4 Final,164,74643715,SOB4811,CONS00918,CONS00918-100-000,Include,1,,1,13205,0,13205,10364.66,10524.24,3660,2999,,5448,3888,5112,14184.24,13523.24,"CUMMINS, INC.",CAROLINA HANDLING LLC,CAROLINA HANDLING,,Others,,0,0.282636426,0.39703196347031966,0,3822.1602160817865,2179.2000000000003,9701.0797839182123,3268.7999999999997,12491.85398,18971.239999999998,19472.66,18891.66,19472.66,18891.66,32294.680348352897,31463.093979553196,0,Include,Include,,,TRUE,0,13523.24,18493.214195634988,Include-100-CONS-6.7,27043.867675066689,0,27043.86768,0.15,22987.287523806684,0.2,21635.094140053352,Others,0,27043.86768,27043.867675066689,0,0,0,19823.155005823883,10823.155005823883,13822.155005823883,10823.15501,10823.15501,,10823.15501,,,,0,0.37,0.15,0.48,26289.433841505979,26289.433841505979,FALSE,31463.093979553196,0,0,0,0,0,0,0,0,0,0,,,0.02,32092.35585914426,,629.26187959106392,232.82689544869365,94.389281938659579,302.04570220371068,0,0,0,0,0,0,,,0.02,26815.22252,26815.22252,FALSE,31463.093979553196,0,0,0,0,0,0,0,0,0,0,,,26289.43384,31463.09398,5173.660138,1914.254251,776.0490207,2483.356866,0,0,0,0,0,0,0,0,0,0,0,0, -   , -   , -   ,0,0,0,0,0,0,0,0,0,0,0,0,0,0,0,0,0,0,0,TRUE,B6.7,Others
North America Data.xlsx,H4-256-160_SOC0354,100-CONS-6.7-Tier 4 Final-164,CONS-6.7-Tier 4 Final-164,100-CONS-6.7-Tier 4 Final,100-CONS-6.7-Tier 4 Final-Default,100-Tier 4 Final,Line 1,Include-100-CONS-6.7,Include-100-CONS-6.7-Line 1,100-CONS-6.7-T4F & SV,Default,100-CONS-6.7-T4F & SV,North America,100,Tier 4 Final,CONS,6.7,CONS-6.7-Tier 4 Final,164,H4-256-160,SOC0354,CONS00918,CONS00918-100-000,Include,0,22,22,0,330638,330638,10364.66,10524.24,4664,3362,,5112,3888,5112,15188.24,13886.24,SWINGMASTER CORP,SWINGMASTER CORP,SWINGMASTER CORP,,Others,JEFFREY DUDAS,0,0.32805442205675078,0.35096672043974425,0,4555.4424377413352,2044.8000000000002,9330.7975622586637,3067.2,10273.356077279759,18998.239999999998,20140.66,18928.66,20140.66,18928.66,31031.783167800033,29271.596077279755,0,Include,Include,,,TRUE,0,13886.24,16873.598515021094,Include-100-CONS-6.7,27043.867675066689,0,27043.86768,0.15,22987.287523806684,0.2,21635.094140053352,Others,0,27043.86768,27043.867675066689,0,0,0,19823.155005823883,10823.155005823883,14185.155005823883,10823.15501,10823.15501,,10823.15501,,,,0,0.37,0.15,0.48,26326.268766471872,26326.268766471872,FALSE,29271.596077279755,0,0,0,0,0,0,0,0,643975.11370015459,219437.7036,,,0.02,29857.02799882535,,585.43192154559438,216.6098109718699,87.814788231839159,281.0073223418853,12879.502274003076,4765.4158413811383,1931.9253411004615,6182.1610915214769,656854.6159741577,225619.86466355069,,,0.02,26852.794141801311,26852.794141801311,FALSE,29271.596077279755,0,0,0,0,0,0,0,0,643975.11370015459,219437.7036,,,26326.26877,29271.59608,2945.327311,1089.771105,441.7990966,1413.757109,579177.9129,643975.1137,64797.20084,23974.96431,9719.580126,31102.6564,336048.3744,122183.5801,185743.1591,6576.1301281254273,0,-6576.130128,"6,576", -   ,"-6,576",11341.545969506566,1931.9253411004615,-393.9690366,-6576.130128,6576.1301281254273,219437.7036,312073.4101,0,312073.4101,226013.8337001547,643975.11370015459,205277.5464,305497.27999999997,0,305497.27999999997,67478.4,112464,0,112464,TRUE,B6.7,Others
North America Data.xlsx,M19183-10_SOA0258,100-CONS-6.7-Tier 4 Final-164,CONS-6.7-Tier 4 Final-164,100-CONS-6.7-Tier 4 Final,100-CONS-6.7-Tier 4 Final-Default,100-Tier 4 Final,Line 1,Include-100-CONS-6.7,Include-100-CONS-6.7-Line 1,100-CONS-6.7-T4F & SV,Default,100-CONS-6.7-T4F & SV,North America,100,Tier 4 Final,CONS,6.7,CONS-6.7-Tier 4 Final,164,M19183-10,SOA0258,CONS00918,CONS00918-100-000,Include,90,101,191,1294467,1519444,2813911,10364.66,10524.24,4679,3399,,5233,3888,5112,15203.24,13923.24,"HOIST MATERIAL HANDLING, INC.",TOYOTA MATERIAL HANDLING,TOYOTA MATERIAL HANDLING,,Others,JEFFREY DUDAS,0,0.34099290990651837,0.28542519503053371,0,4747.7261229268324,2093.2000000000003,9175.5138770731683,3139.7999999999997,7651.6461258179179,19156.239999999998,20276.66,19076.66,20276.66,19076.66,28375.839532806396,26807.886125817917,0,Include,Include,,,TRUE,0,13923.24,14492.572248744749,Include-100-CONS-6.7,27043.867675066689,0,27043.86768,0.15,22987.287523806684,0.2,21635.094140053352,Others,0,27043.86768,27043.867675066689,0,0,0,19823.155005823883,10823.155005823883,14222.155005823883,10823.15501,10823.15501,,10823.15501,,,,0,0.37,0.15,0.48,26541.821290346361,26541.821290346361,FALSE,26807.886125817917,0,0,0,0,0,0,0,0,2707596.4987076097,742625.8431,,,0.02,27344.043848334277,,536.15772251636008,198.37835733105322,80.42365838,257.35570680785281,54151.929974152372,20036.214090436377,8122.789496122854,25992.926387593136,2761748.428681762,768618.76950699056,,,0.02,27072.657716153288,27072.657716153288,TRUE,27072.657716153288,264.7715903,97.965488424087269,39.715738550305652,127.09036336097807,26741.930623872471,9894.5143308328134,4011.289593580871,12836.126699458786,2734338.4293314819,755461.9698,,,26541.82129,26807.88613,266.0648355,98.44398912,39.90972532,127.711121,2680723.95,2707596.499,26872.54838,9942.842902,4030.882257,12898.82322,1446380.498,532563.8823,728652.118,30190.41559,0,-30190.41559,"30,190", -   ,"-30,190",50226.629678648576,8122.789496122854,-4197.489201,-30190.41559,30190.41559,742625.8431,1436437.656,0,1436437.656,772816.25870760973,2707596.4987076097,926726.9016,1406247.24,0,1406247.24,317119.8,528533,0,528533,TRUE,B6.7,FORKLIFTS AND CONTAINER HANDLERS
North America Data.xlsx,M19183-3-R_SOB3078,100-CONS-6.7-Tier 4 Final-164,CONS-6.7-Tier 4 Final-164,100-CONS-6.7-Tier 4 Final,100-CONS-6.7-Tier 4 Final-Default,100-Tier 4 Final,Line 1,Include-100-CONS-6.7,Include-100-CONS-6.7-Line 1,100-CONS-6.7-T4F & SV,Default,100-CONS-6.7-T4F & SV,North America,100,Tier 4 Final,CONS,6.7,CONS-6.7-Tier 4 Final,164,M19183-3-R,SOB3078,CONS00918,CONS00918-100-000,Include,1,,1,14284,0,14284,10364.66,10524.24,4789,3378,,5448,3888,5112,15313.24,13902.24,"HOIST MATERIAL HANDLING, INC.",TOYOTA MATERIAL HANDLING USA,TOYOTA MATERIAL HANDLING,,Others,JEFFREY DUDAS,0,0.3087425791094931,0.39970582055053583,0,4292.2134329991595,2179.2000000000003,9610.0265670008412,3268.7999999999997,12884.355407448893,19350.239999999998,20601.66,19270.66,20601.66,19270.66,34319.273291795012,32234.595407448891,0,Include,Include,,,TRUE,0,13902.24,19355.76884044805,Include-100-CONS-6.7,27043.867675066689,0,27043.86768,0.15,22987.287523806684,0.2,21635.094140053352,Others,0,27043.86768,27043.867675066689,0,0,0,19823.155005823883,10823.155005823883,14201.155005823883,10823.15501,10823.15501,,10823.15501,,,,0,0.37,0.15,0.48,26806.487047508708,26806.487047508708,FALSE,32234.595407448891,0,0,0,0,0,0,0,0,0,0,,,0.02,32879.287315597867,,644.69190814897593,238.5360060151211,96.70378622234638,309.45211591150843,0,0,0,0,0,0,,,0.02,27342.616788458883,27342.616788458883,FALSE,32234.595407448891,0,0,0,0,0,0,0,0,0,0,,,26806.48705,32234.59541,5428.10836,2008.400093,814.216254,2605.492013,0,0,0,0,0,0,0,0,0,0,0,0, -   , -   , -   ,0,0,0,0,0,0,0,0,0,0,0,0,0,0,0,0,0,0,0,TRUE,B6.7,FORKLIFTS AND CONTAINER HANDLERS
